City_ID,City,Lat,Lng,Max Temp,Humidity,Cloudiness,Wind Speed,Country,Date
0,blackmans bay,-43.0167,147.3167,9.07000000000005,78,100,3.7,AU,1722617405
1,sirte,31.2089,16.5887,28.5,61,0,4.58,LY,1722617406
2,nadym,65.5333,72.5167,20.03000000000003,56,43,4.79,RU,1722617407
3,canete,-37.8,-73.4,11.360000000000014,93,80,3.43,CL,1722617177
4,invercargill,-46.4,168.35,-1.6599999999999682,97,17,0.89,NZ,1722617216
5,ocean city,39.2776,-74.5746,32.23000000000002,76,92,1.79,US,1722617411
6,mammoth lakes,37.6485,-118.9721,22.400000000000034,40,40,0.0,US,1722617412
7,albany,42.6001,-73.9662,29.460000000000036,68,100,0.45,US,1722617145
8,tolanaro,-25.0319,46.9987,20.04000000000002,88,20,3.09,MG,1722617414
9,enewetak,11.3474,162.3373,28.410000000000025,78,34,4.57,MH,1722617415
10,puerto natales,-51.7236,-72.4875,0.25,100,100,1.54,CL,1722617417
11,west island,-12.1568,96.8225,26.99000000000001,74,46,5.14,CC,1722617418
12,altay,47.8667,88.1167,21.55000000000001,31,30,3.38,CN,1722617319
13,ushuaia,-54.8,-68.3,3.7900000000000205,93,100,3.09,AR,1722617315
14,waitangi,-43.9535,-176.5597,8.230000000000018,79,76,3.58,NZ,1722617304
15,bethel,41.3712,-73.414,33.08000000000004,65,20,1.79,US,1722617196
16,port-aux-francais,-49.35,70.2167,1.8100000000000023,96,100,17.73,TF,1722617377
17,abalak,58.1286,68.5944,16.760000000000048,89,17,2.04,RU,1722617425
18,adamstown,-25.066,-130.1015,20.110000000000014,82,69,3.19,PN,1722617281
19,manokwari,-0.8667,134.0833,25.29000000000002,83,17,2.06,ID,1722617427
20,khuzdar,27.7384,66.6434,27.870000000000005,60,100,2.0,PK,1722617428
21,jamestown,42.097,-79.2353,21.960000000000036,97,100,1.54,US,1722617356
22,edinburgh of the seven seas,-37.0676,-12.3116,8.950000000000045,60,91,15.93,SH,1722617431
23,grand falls-windsor,48.9332,-55.6649,18.430000000000007,96,99,4.01,CA,1722617433
24,puerto ayora,-0.7393,-90.3518,23.980000000000018,73,64,4.76,EC,1722617435
25,port elizabeth,-33.918,25.5701,14.160000000000025,79,0,3.6,ZA,1722617437
26,ancud,-41.8697,-73.8203,9.680000000000007,90,75,9.49,CL,1722617438
27,sadovoye,47.7764,44.5089,27.860000000000014,26,46,3.62,RU,1722617439
28,chonchi,-42.6128,-73.8092,10.560000000000002,88,93,4.38,CL,1722617440
29,ilulissat,69.2167,-51.1,11.010000000000048,62,0,2.06,GL,1722617441
30,talnakh,69.4865,88.3972,16.629999999999995,78,89,1.91,RU,1722617421
31,tchintabaraden,15.8969,5.7985,29.600000000000023,55,94,4.8,NE,1722617444
32,grytviken,-54.2811,-36.5092,2.8100000000000023,91,100,5.77,GS,1722617295
33,east london,-33.0153,27.9116,14.520000000000039,82,0,2.06,ZA,1722617446
34,avarua,-21.2078,-159.775,19.03000000000003,77,100,1.03,CK,1722617279
35,warwick,41.7001,-71.4162,33.99000000000001,62,75,3.6,US,1722617409
36,uturoa,-16.7333,-151.4333,23.760000000000048,64,92,6.06,PF,1722617451
37,pierre,44.3683,-100.351,34.60000000000002,43,0,2.06,US,1722617432
38,casper,42.8666,-106.3131,31.010000000000048,29,0,2.57,US,1722617293
39,hithadhoo,-0.6,73.0833,28.860000000000014,72,95,4.12,MV,1722617454
40,nelson bay,-32.7167,152.15,8.379999999999995,96,12,3.88,AU,1722617455
41,hemsby,52.6971,1.6918,26.879999999999995,67,70,4.6,GB,1722617456
42,iskateley,67.6803,53.1512,12.29000000000002,81,13,6.67,RU,1722617414
43,oriximina,-1.7656,-55.8661,36.26000000000005,34,59,2.05,BR,1722617459
44,qaqortoq,60.7167,-46.0333,8.650000000000034,69,0,3.19,GL,1722617460
45,kumylzhenskaya,49.8809,42.5898,24.99000000000001,36,29,3.92,RU,1722617461
46,yellowknife,62.456,-114.3525,16.900000000000034,49,20,2.24,CA,1722617368
47,nadi,-17.8,177.4167,21.0,88,20,1.54,FJ,1722617464
48,kudat,6.8837,116.8477,24.960000000000036,94,83,2.06,MY,1722617465
49,georgetown,5.4112,100.3354,29.960000000000036,78,20,1.54,MY,1722617351
50,bafq,31.6128,55.4107,38.920000000000016,10,8,6.5,IR,1722617467
51,kodiak,57.79,-152.4072,8.730000000000018,93,0,2.06,US,1722617348
52,constantia,44.1833,28.65,30.379999999999995,58,6,8.52,RO,1722617060
53,ribeira grande,38.5167,-28.7,27.100000000000023,78,20,4.02,PT,1722617471
54,sangmelima,2.9333,11.9833,24.29000000000002,73,94,1.33,CM,1722617472
55,thompson,55.7435,-97.8558,21.090000000000032,52,75,6.69,CA,1722617382
56,bilibino,68.0546,166.4372,3.6899999999999977,72,51,2.55,RU,1722617324
57,zeya,53.75,127.2667,12.980000000000018,66,60,1.48,RU,1722617475
58,pitimbu,-7.4706,-34.8086,25.33000000000004,76,19,8.23,BR,1722617476
59,mejit,10.2753,170.8646,28.010000000000048,73,15,1.49,MH,1722617478
60,olonkinbyen,70.9221,-8.7187,6.0400000000000205,92,100,6.12,SJ,1722617380
61,galliano,29.4422,-90.2992,34.44,62,75,2.57,US,1722617480
62,lihue,21.9789,-159.3672,23.77000000000004,78,20,3.09,US,1722617481
63,leava,-14.3,-178.1667,26.950000000000045,71,90,5.52,WF,1722617482
64,san luis de la loma,17.2706,-100.8939,29.210000000000036,71,100,1.61,MX,1722617483
65,hamilton,39.1834,-84.5333,27.27000000000004,81,100,3.09,US,1722617299
66,tonj,7.2737,28.6822,25.220000000000027,69,65,0.61,SS,1722617486
67,jinghong,21.991,100.7341,21.75,97,92,0.8,CN,1722617487
68,isafjordur,66.0755,-23.124,10.020000000000039,76,75,5.66,IS,1722617488
69,margaret river,-33.95,115.0667,10.520000000000039,80,71,2.24,AU,1722617489
70,lebu,-37.6167,-73.65,11.450000000000045,91,66,6.01,CL,1722617490
71,akureyri,65.6835,-18.0878,11.960000000000036,71,100,4.12,IS,1722617492
72,vrangel',42.7297,133.0839,19.0,97,100,5.61,RU,1722617493
73,ujae,8.9322,165.7642,28.410000000000025,78,75,2.43,MH,1722617494
74,aswan,24.0934,32.907,38.610000000000014,47,36,6.17,EG,1722617495
75,port lincoln,-34.7333,135.8667,10.980000000000018,70,91,1.89,AU,1722617496
76,saint croix,17.7397,-64.7388,32.25,74,0,8.23,VI,1722617499
77,flying fish cove,-10.4217,105.6791,24.82000000000005,83,75,4.63,CX,1722617500
78,bridlington,54.0831,-0.1919,26.05000000000001,62,100,2.63,GB,1722617501
79,cheremushki,52.8356,91.3944,18.660000000000025,89,33,1.29,RU,1722617502
80,afaahiti,-17.75,-149.2833,18.930000000000007,66,60,5.9,PF,1722617503
81,labrador city,52.9463,-66.9114,27.879999999999995,38,40,3.6,CA,1722617505
82,borovskoy,53.8,64.15,17.450000000000045,77,19,3.22,KZ,1722617506
83,dunedin,-45.8742,170.5036,1.5600000000000023,92,11,0.89,NZ,1722617507
84,motueka,-41.1333,173.0167,3.390000000000043,87,10,2.22,NZ,1722617508
85,gewane,10.1664,40.6453,32.54000000000002,38,28,2.2,ET,1722617509
86,rio verde,21.9333,-99.9833,25.29000000000002,59,56,1.27,MX,1722617364
87,lompoc,34.6391,-120.4579,23.660000000000025,82,40,1.54,US,1722617512
88,iseo,45.6568,10.0528,31.379999999999995,66,0,1.48,IT,1722617323
89,papatowai,-46.5619,169.4708,3.670000000000016,91,13,2.14,NZ,1722617316
90,brandon,27.9378,-82.2859,33.94,69,40,2.06,US,1722617515
91,nieuw amsterdam,5.8833,-55.0833,33.01000000000005,55,40,2.57,SR,1722617516
92,fale old settlement,-9.3852,-171.2468,28.08000000000004,73,5,7.25,TK,1722617517
93,minas de marcona,-15.2119,-75.1103,16.53000000000003,56,22,5.31,PE,1722617519
94,port alfred,-33.5906,26.891,12.879999999999995,87,75,3.51,ZA,1722617288
95,san sebastian de la gomera,28.0916,-17.1133,28.54000000000002,65,0,3.09,ES,1722617521
96,juli,-16.2167,-69.45,13.390000000000043,17,0,4.47,PE,1722617522
97,iqaluit,63.7506,-68.5145,8.850000000000023,57,75,3.09,CA,1722617287
98,tauranga,-37.6861,176.1667,8.25,85,54,0.45,NZ,1722617524
99,codrington,-38.2667,141.9667,8.090000000000032,92,98,3.49,AU,1722617526
100,longyearbyen,78.2186,15.6401,14.910000000000025,67,0,2.57,SJ,1722617527
101,puerto leguizamo,-0.1934,-74.7819,32.99000000000001,45,65,0.33,CO,1722617528
102,bijar,35.8668,47.6051,23.100000000000023,41,1,8.78,IR,1722617529
103,albufeira,37.0882,-8.2503,35.910000000000025,35,0,7.98,PT,1722617530
104,zaozersk,69.4005,32.4476,11.300000000000011,82,6,6.15,RU,1722617471
105,lata,40.1629,-8.3327,22.82000000000005,39,0,5.72,PT,1722617533
106,sola,-13.8833,167.55,25.870000000000005,83,85,3.78,VU,1722617534
107,naze,28.3667,129.4833,26.510000000000048,86,4,2.29,JP,1722617535
108,bredasdorp,-34.5322,20.0403,9.29000000000002,88,45,2.13,ZA,1722617536
109,general acha,-37.377,-64.6043,21.939999999999998,31,69,9.39,AR,1722617538
110,novodvinsk,64.4165,40.8122,18.860000000000014,78,51,2.24,RU,1722617539
111,robbio,45.2906,8.5911,32.18000000000001,71,8,1.18,IT,1722617540
112,nanning,22.8167,108.3167,27.25,89,6,3.7,CN,1722617067
113,ifanadiana,-21.3,47.6333,16.58000000000004,91,58,0.27,MG,1722617542
114,eastham,41.8301,-69.9739,31.200000000000045,70,0,2.57,US,1722617544
115,wailua homesteads,22.0669,-159.378,23.439999999999998,84,20,3.09,US,1722617494
116,stanley,54.868,-1.6985,22.620000000000005,66,40,5.14,GB,1722617297
117,saipan,15.1355,145.701,28.390000000000043,89,75,5.14,MP,1722617548
118,nova sintra,14.8667,-24.7167,25.200000000000045,74,97,5.49,CV,1722617549
119,nassau,40.7507,-73.5829,33.910000000000025,69,0,4.12,US,1722617550
120,mermoz boabab,14.7065,-17.4758,30.310000000000002,62,75,4.12,SN,1722617552
121,muynoq,43.7683,59.0214,27.670000000000016,31,0,3.85,UZ,1722617553
122,tyrnyauz,43.3828,42.9183,15.75,95,93,0.74,RU,1722617554
123,placido de castro,-10.3353,-67.1856,37.28000000000003,23,0,2.24,BR,1722617555
124,anadyr,64.75,177.4833,7.28000000000003,100,75,3.0,RU,1722617280
125,bachhrawan,26.4833,81.1167,30.04000000000002,75,87,5.48,IN,1722617558
126,kapuskasing,49.4169,-82.4331,29.05000000000001,61,20,5.14,CA,1722617559
127,rawson,-43.3002,-65.1023,16.900000000000034,37,85,8.17,AR,1722617560
128,guerrero negro,27.9769,-114.0611,26.430000000000007,49,27,4.01,MX,1722617405
129,whitehorse,60.7161,-135.0538,11.720000000000027,68,75,5.14,CA,1722617286
130,inhambane,-23.865,35.3833,21.99000000000001,73,0,2.24,MZ,1722617563
131,pimentel,-6.8367,-79.9342,21.160000000000025,68,20,2.06,PE,1722617565
132,port mathurin,-19.6833,63.4167,22.450000000000045,72,5,6.26,MU,1722617566
133,tokmok,42.8417,75.3016,27.160000000000025,31,84,2.79,KG,1722617567
134,fortuna,40.5982,-124.1573,17.74000000000001,94,100,2.06,US,1722617397
135,antalaha,-14.9003,50.2788,20.78000000000003,71,0,4.18,MG,1722617569
136,uporovo,56.3109,66.2693,16.74000000000001,91,13,3.18,RU,1722617570
137,martapura,-3.4167,114.85,23.610000000000014,97,98,0.38,ID,1722617572
138,ramadi,33.4226,43.3058,37.14000000000004,12,0,4.93,IQ,1722617573
139,kas,36.2018,29.6377,29.350000000000023,56,0,3.7,TR,1722617575
140,maulavi bazar,24.4833,91.7833,24.610000000000014,96,100,2.5,BD,1722617576
141,kerikeri,-35.2268,173.9474,11.620000000000005,94,100,2.24,NZ,1722617577
142,payallar,36.6142,31.8564,28.420000000000016,68,0,1.55,TR,1722617579
143,vilyuchinsk,52.9306,158.4028,17.150000000000034,81,100,3.69,RU,1722617580
144,mount gambier,-37.8333,140.7667,6.480000000000018,94,73,1.4,AU,1722617581
145,inarajan village,13.2736,144.7484,26.08000000000004,94,100,5.34,GU,1722617582
146,yola,9.2,12.4833,28.689999999999998,67,97,1.86,NG,1722617583
147,santarem,-2.4431,-54.7083,31.07000000000005,62,20,5.66,BR,1722617469
148,ndago,-4.6,34.35,21.590000000000032,27,74,3.21,TZ,1722617586
149,vila velha,-20.3297,-40.2925,24.970000000000027,80,75,6.17,BR,1722617587
150,kosh-agach,50.0,88.6667,15.460000000000036,49,2,2.18,RU,1722617588
151,pak phanang,8.3511,100.202,27.350000000000023,81,100,1.03,TH,1722617589
152,mokhsogollokh,61.4681,128.9203,7.57000000000005,56,51,0.52,RU,1722617590
153,veraval,20.9,70.3667,27.370000000000005,88,100,9.99,IN,1722617592
154,boyolangu,-8.1181,111.8935,22.79000000000002,97,53,0.51,ID,1722617593
155,colonia,50.9333,6.95,26.700000000000045,59,0,2.06,DE,1722617594
156,udachny,66.4167,112.4,13.590000000000032,65,92,3.19,RU,1722617595
157,waddan,29.1614,16.139,35.370000000000005,16,0,4.65,LY,1722617596
158,cill airne,52.05,-9.5167,16.03000000000003,67,75,4.12,IE,1722617597
159,kingston,17.997,-76.7936,25.53000000000003,94,75,2.57,JM,1722617337
160,mahdia,35.5047,11.0622,38.97000000000003,44,0,8.36,TN,1722617312
161,ugoofaaru,5.6667,73.0,28.680000000000007,75,100,3.9,MV,1722617601
162,quang ngai,15.1167,108.8,24.83000000000004,89,94,2.03,VN,1722617602
163,mont-dore,-22.2833,166.5833,19.439999999999998,99,39,1.73,NC,1722617603
164,cockburn town,21.4612,-71.1419,28.24000000000001,83,91,8.8,TC,1722617604
165,hawaiian paradise park,19.5933,-154.9731,22.720000000000027,99,100,2.57,US,1722617606
166,san patricio,28.017,-97.5169,33.25,53,55,3.14,US,1722617607
167,fort st. john,56.2499,-120.8529,15.939999999999998,63,75,1.54,CA,1722617608
168,hermanus,-34.4187,19.2345,10.450000000000045,77,73,3.4,ZA,1722617609
169,madang,-5.2246,145.7966,25.120000000000005,91,35,2.26,PG,1722617610
170,college,64.8569,-147.8028,10.600000000000023,88,100,2.57,US,1722617611
171,hasaki,35.7333,140.8333,24.220000000000027,84,7,1.33,JP,1722617614
172,mata-utu,-13.2816,-176.1745,26.910000000000025,74,98,5.98,WF,1722617615
173,punta del este,-34.9667,-54.95,27.060000000000002,50,75,7.72,UY,1722617616
174,aasiaat,68.7098,-52.8699,2.5500000000000114,89,77,0.64,GL,1722617617
175,dakhla,23.6848,-15.958,24.010000000000048,73,15,13.89,EH,1722617618
176,zhengjiatun,43.5064,123.5064,20.920000000000016,91,14,2.2,CN,1722617620
177,kodinsk,58.6881,99.1844,13.860000000000014,95,100,1.5,RU,1722617621
178,nar'yan-mar,67.6713,53.087,12.220000000000027,81,12,6.7,RU,1722617596
179,prado,-17.3411,-39.2208,24.52000000000004,77,1,4.17,BR,1722617623
180,santa terezinha,-29.9002,-50.0904,17.960000000000036,83,5,8.37,BR,1722617624
181,cidreira,-30.1811,-50.2056,19.0,78,5,7.36,BR,1722617344
182,puno,-15.8333,-70.0333,12.760000000000048,19,0,1.52,PE,1722617627
183,zouerate,22.7187,-12.4521,44.110000000000014,7,0,0.33,MR,1722617628
184,egilsstadir,65.2653,-14.3948,10.950000000000045,93,100,5.66,IS,1722617629
185,montrose,38.4166,-108.2673,22.629999999999995,22,95,2.15,US,1722617630
186,utrik,11.2278,169.8474,28.24000000000001,76,14,2.59,MH,1722617361
187,saint-pierre,-21.3393,55.4781,20.82000000000005,64,20,3.09,RE,1722617632
188,alotau,-10.3069,150.4462,22.170000000000016,95,100,2.06,PG,1722617634
189,phan rang-thap cham,11.5667,108.9833,25.32000000000005,94,20,1.8,VN,1722617635
190,st. john's,47.5649,-52.7093,25.660000000000025,80,75,9.77,CA,1722617636
191,atafu village,-8.5421,-172.5159,28.07000000000005,74,31,6.75,TK,1722617637
192,oranjemund,-28.55,16.4333,12.970000000000027,73,14,4.09,,1722617638
193,xichang,27.8964,102.2634,20.090000000000032,84,75,0.78,CN,1722617640
194,puerto san jose,13.9256,-90.8244,28.78000000000003,80,99,2.63,GT,1722617641
195,portland,45.5234,-122.6762,25.870000000000005,67,40,2.06,US,1722617622
196,yuzhno-kurilsk,44.0306,145.8556,15.870000000000005,92,99,2.09,RU,1722617643
197,guangyuan,32.442,105.823,24.689999999999998,91,100,1.08,CN,1722617644
198,prince rupert,54.3161,-130.3201,14.830000000000041,88,0,5.66,CA,1722617645
199,vrontados,38.4089,26.1328,29.920000000000016,48,0,0.0,GR,1722617647
200,madala,9.1044,7.2133,24.220000000000027,92,98,1.07,NG,1722617648
201,kapa'a,22.0752,-159.319,24.180000000000007,84,20,3.09,US,1722617649
202,gaspar hernandez,19.6289,-70.2811,32.03000000000003,62,23,6.04,DO,1722617650
203,tiksi,71.6872,128.8694,4.740000000000009,68,83,1.99,RU,1722617651
204,gaillac,43.9016,1.8969,25.5,52,42,6.28,FR,1722617652
205,suva,-18.1416,178.4415,21.710000000000036,94,24,1.03,FJ,1722617653
206,richards bay,-28.783,32.0377,20.689999999999998,84,24,5.94,ZA,1722617655
207,mahina,-17.5065,-149.489,19.870000000000005,77,20,1.54,PF,1722617656
208,malinyi,-8.9333,36.1333,22.82000000000005,40,44,0.24,TZ,1722617657
209,mandera,3.9366,41.867,30.810000000000002,34,100,5.24,KE,1722617658
210,markaz-e hukumat-e darweshan,31.1323,64.1934,35.53000000000003,11,12,6.21,AF,1722617659
211,bathsheba,13.2167,-59.5167,31.340000000000032,74,40,8.23,BB,1722617660
212,laojunmiao,39.8333,97.7333,20.53000000000003,39,0,2.08,CN,1722617662
213,tolga,34.7222,5.3785,45.450000000000045,7,25,2.68,DZ,1722617663
214,itoman,26.1247,127.6694,29.010000000000048,86,0,2.57,JP,1722617664
215,stephenville,32.2207,-98.2023,33.98000000000002,48,0,3.09,US,1722617665
216,al kharijah,25.4514,30.5464,38.76000000000005,15,2,5.81,EG,1722617666
217,borzya,50.3833,116.5167,16.620000000000005,73,100,2.56,RU,1722617667
218,horta,38.5333,-28.6333,26.120000000000005,72,20,4.47,PT,1722617669
219,springbok,-29.6643,17.8865,12.650000000000034,17,0,1.67,ZA,1722617487
220,arkhangel'sk,64.5401,40.5433,19.060000000000002,82,40,2.0,RU,1722617528
221,dudinka,69.4058,86.1778,14.760000000000048,81,71,3.96,RU,1722617672
222,cooper's town,26.8667,-77.5167,28.960000000000036,78,2,7.91,BS,1722617673
223,klyuchi,52.2667,79.1667,24.370000000000005,48,33,4.49,RU,1722617674
224,punta arenas,-53.15,-70.9167,4.060000000000002,87,100,7.72,CL,1722617675
225,keflavik,64.0049,-22.5624,15.950000000000045,76,0,10.29,IS,1722617677
226,trincomalee,8.5711,81.2335,28.33000000000004,70,91,7.96,LK,1722617678
227,akot,21.0964,77.0586,24.54000000000002,92,100,3.79,IN,1722617679
228,papao,-17.75,-149.55,19.82000000000005,67,6,6.63,PF,1722617680
229,santa ana,33.7456,-117.8678,31.52000000000004,63,40,0.89,US,1722617681
230,piacabucu,-10.4056,-36.4344,25.180000000000007,76,61,5.17,BR,1722617683
231,kathmandu,27.7167,85.3167,22.120000000000005,100,75,0.0,NP,1722617682
232,bianzhuang,34.8486,118.0447,26.600000000000023,92,0,1.15,CN,1722617685
233,aracati,-4.5617,-37.7697,32.629999999999995,27,38,6.79,BR,1722617686
234,haiku-pauwela,20.9219,-156.3051,21.810000000000002,89,75,3.09,US,1722617687
235,nicoya,10.1483,-85.452,29.03000000000003,76,98,0.92,CR,1722617688
236,kasba tadla,32.5977,-6.2684,40.06,12,3,7.0,MA,1722617690
237,santa marta de ortigueira,43.6833,-7.85,19.480000000000018,73,3,3.03,ES,1722617691
238,mount pearl,47.5166,-52.7813,25.189999999999998,87,75,9.77,CA,1722617403
239,prainha,-1.8,-53.48,34.360000000000014,38,76,2.13,BR,1722617693
240,bay harbor,30.1471,-85.6146,27.970000000000027,78,75,0.0,US,1722617694
241,cabo san lucas,22.8909,-109.9124,32.879999999999995,59,97,1.79,MX,1722617457
242,swan hill,-35.3378,143.5544,6.890000000000043,65,82,3.28,AU,1722617696
243,sassnitz,54.5167,13.65,18.54000000000002,65,100,2.98,DE,1722617698
244,antsiranana,-12.2787,49.2917,22.860000000000014,63,0,8.23,MG,1722617699
245,ballina,-28.8667,153.5667,9.32000000000005,81,73,4.52,AU,1722617700
246,nema,57.5067,50.5011,15.560000000000002,93,98,2.52,RU,1722617701
247,aweil,8.7682,27.4002,25.129999999999995,68,69,1.73,SS,1722617702
248,susuman,62.7833,148.1667,1.75,86,100,1.6,RU,1722617703
249,radomir,42.5444,22.9578,31.689999999999998,21,47,3.74,BG,1722617705
250,kruisfontein,-34.0033,24.7314,12.710000000000036,87,78,2.33,ZA,1722617706
251,ploneour-lanvern,47.9,-4.2833,20.180000000000007,73,100,4.63,FR,1722617707
252,byron bay,-28.65,153.6167,9.28000000000003,85,49,4.7,AU,1722617708
253,kenora,49.8167,-94.4337,23.54000000000002,53,20,3.6,CA,1722617710
254,san fernando de monte cristi,19.8667,-71.65,30.52000000000004,64,41,3.61,DO,1722617711
255,guatire,10.4762,-66.5427,35.31,44,7,0.75,VE,1722617713
256,valdivia,-39.8142,-73.2459,12.050000000000011,95,90,3.69,CL,1722617549
257,suances,43.4334,-4.0434,22.28000000000003,83,75,2.06,ES,1722617715
258,sao paulo de olivenca,-3.3783,-68.8725,35.72000000000003,39,23,0.7,BR,1722617716
259,el colomo,19.05,-104.25,29.910000000000025,62,100,1.94,MX,1722617717
260,orenburg,51.7727,55.0988,19.010000000000048,47,97,3.29,RU,1722617629
261,puerto deseado,-47.7503,-65.8938,11.990000000000009,57,55,10.04,AR,1722617720
262,saldanha,-33.0117,17.9442,13.03000000000003,76,29,1.65,ZA,1722617721
263,alto araguaia,-17.3147,-53.2153,31.980000000000018,19,4,5.91,BR,1722617722
264,hadibu,12.65,54.0333,26.120000000000005,75,69,9.19,YE,1722617723
265,kaga bandoro,6.9896,19.1874,24.870000000000005,85,82,1.45,CF,1722617724
266,ogoja,6.6547,8.7976,25.55000000000001,90,98,3.42,NG,1722617725
267,pontianak,-0.0333,109.3333,24.99000000000001,100,75,1.54,ID,1722617727
268,swedru,5.5371,-0.6998,25.53000000000003,77,99,4.58,GH,1722617729
269,shingu,33.7333,135.9833,25.170000000000016,91,22,1.33,JP,1722617730
270,dryden,49.7833,-92.7503,24.160000000000025,46,20,5.14,CA,1722617731
271,meizhou,24.2977,116.1072,26.620000000000005,88,26,0.68,CN,1722617732
272,sechura,-5.5569,-80.8222,24.220000000000027,58,8,3.97,PE,1722617734
273,coruripe,-10.1256,-36.1756,24.33000000000004,79,43,4.92,BR,1722617735
274,fallon,39.4735,-118.7774,31.170000000000016,28,64,2.33,US,1722617736
275,troitsko-pechorsk,62.7084,56.1964,16.920000000000016,82,97,2.28,RU,1722617737
276,kudahuvadhoo,2.6708,72.8944,28.590000000000032,72,87,2.49,MV,1722617738
277,al jawf,29.5,38.75,33.5,15,1,4.32,SA,1722617739
278,bardai,11.65,7.2333,24.920000000000016,79,80,3.83,NG,1722617741
279,la passe,45.5549,-0.8967,27.129999999999995,63,0,7.32,FR,1722617742
280,touros,-5.1989,-35.4608,27.439999999999998,65,20,7.29,BR,1722617743
281,san pedro,14.35,121.0167,25.200000000000045,93,19,1.34,PH,1722617744
282,aktau,43.65,51.2,26.32000000000005,57,11,3.48,KZ,1722617745
283,jayapura,-2.5333,140.7,25.660000000000025,94,37,2.19,ID,1722617746
284,kavaratti,10.5669,72.642,27.700000000000045,83,100,5.59,IN,1722617747
285,osmaniye,37.0742,36.2478,26.08000000000004,83,1,3.57,TR,1722617749
286,pacific grove,36.6177,-121.9166,18.57000000000005,96,40,1.79,US,1722617750
287,gadzhiyevo,69.2551,33.3362,10.939999999999998,86,28,5.56,RU,1722617751
288,meiganga,6.5167,14.3,21.99000000000001,83,62,1.42,CM,1722617752
289,port saint john's,-31.6229,29.5448,17.840000000000032,82,71,3.84,ZA,1722617753
290,brookings,44.3114,-96.7984,29.689999999999998,66,0,3.6,US,1722617673
291,katsuura,35.1333,140.3,23.52000000000004,89,6,2.38,JP,1722617756
292,tura,25.5198,90.2201,23.430000000000007,98,100,3.08,IN,1722617757
293,quthing,-30.4,27.7003,11.04000000000002,49,5,1.83,LS,1722617758
294,berga,60.392,5.328,19.230000000000018,52,0,2.06,NO,1722617759
295,quirihue,-36.2833,-72.5333,10.900000000000034,84,77,5.31,CL,1722617760
296,irtyshsk,53.3333,75.4572,19.420000000000016,79,98,5.19,KZ,1722617761
297,saint-philippe,-21.3585,55.7679,20.77000000000004,67,13,1.75,RE,1722617763
298,kotlas,61.2611,46.6556,18.189999999999998,73,99,1.7,RU,1722617764
299,shindand,33.3029,62.1474,31.629999999999995,12,0,14.06,AF,1722617765
300,hilo,19.7297,-155.09,24.79000000000002,97,100,2.57,US,1722617766
301,port-saint-louis-du-rhone,43.3833,4.8,36.379999999999995,43,0,7.2,FR,1722617767
302,ust-nera,64.5667,143.2,2.830000000000041,86,69,1.59,RU,1722617768
303,shalqar,47.8333,59.6,27.910000000000025,24,0,3.76,KZ,1722617770
304,la ronge,55.1001,-105.2842,23.140000000000043,43,40,6.17,CA,1722617771
305,shimoda,34.6667,138.95,23.950000000000045,88,7,1.65,JP,1722617772
306,sheksna,59.21,38.5107,20.980000000000018,74,31,1.97,RU,1722617773
307,mount isa,-20.7333,139.5,10.870000000000005,66,0,0.51,AU,1722617774
308,barentu,15.1139,37.5928,19.700000000000045,89,100,0.91,ER,1722617775
309,noyabrsk,63.1994,75.4507,17.689999999999998,95,80,4.69,RU,1722617777
310,northam,51.0333,-4.2167,21.33000000000004,87,65,8.24,GB,1722617778
311,howell,42.6073,-83.9294,27.439999999999998,83,75,2.57,US,1722617640
312,chui,-33.6971,-53.4616,24.660000000000025,59,18,5.63,UY,1722617780
313,paphos,34.7667,32.4167,29.57000000000005,83,20,6.69,CY,1722617781
314,jebrail,39.3992,47.0283,26.230000000000018,41,14,2.89,AZ,1722617782
315,kilindoni,-7.9139,39.6668,24.910000000000025,75,19,7.74,TZ,1722617784
316,contamana,-7.3333,-75.0167,35.870000000000005,31,11,2.51,PE,1722617785
317,garissa,-0.4536,39.6401,27.150000000000034,47,74,10.03,KE,1722617654
318,rongelap,11.1635,166.8941,28.29000000000002,79,21,3.07,MH,1722617787
319,san antonio de pale,-1.4014,5.6325,22.32000000000005,81,63,4.68,GQ,1722617788
320,livingston,55.9029,-3.5226,19.200000000000045,77,100,8.23,GB,1722617717
321,farafangana,-22.8167,47.8333,20.510000000000048,62,21,2.34,MG,1722617791
322,walvis bay,-22.9575,14.5053,13.53000000000003,76,0,2.06,,1722617792
323,bamboo flat,11.7,92.7167,26.05000000000001,94,100,1.03,IN,1722617793
324,petropavlovsk-kamchatsky,53.0452,158.6483,16.33000000000004,72,75,2.0,RU,1722617794
325,turkmenbasy,40.0222,52.9552,31.430000000000007,40,75,4.12,TM,1722617795
326,napili-honokowai,20.9708,-156.6705,23.510000000000048,75,52,3.15,US,1722617796
327,coyhaique,-45.5752,-72.0662,9.340000000000032,99,100,2.36,CL,1722617506
328,quellon,-43.1167,-73.6167,10.340000000000032,84,99,6.45,CL,1722617799
329,port macquarie,-31.4333,152.9167,10.04000000000002,88,71,0.45,AU,1722617628
330,puerto armuelles,8.2833,-82.8667,28.99000000000001,76,100,0.89,PA,1722617801
331,halifax,44.6453,-63.5724,31.360000000000014,61,40,4.12,CA,1722617710
332,oum hadjer,13.2954,19.6966,29.890000000000043,61,88,2.16,TD,1722617803
333,chibougamau,49.9168,-74.3659,26.79000000000002,61,0,3.09,CA,1722617805
334,port augusta,-32.5,137.7667,9.75,71,66,3.34,AU,1722617806
335,badger,64.8,-147.5333,10.550000000000011,89,100,2.57,US,1722617807
336,tubarjal,30.4999,38.216,34.06,12,0,5.31,SA,1722617808
337,carauari,-4.8828,-66.8958,37.49000000000001,32,8,1.07,BR,1722617809
338,san javier,37.8063,-0.8374,33.710000000000036,74,0,4.12,ES,1722617810
339,penzance,50.1186,-5.5371,18.620000000000005,94,75,8.23,GB,1722617812
340,sinabang,2.4803,96.3801,26.02000000000004,86,100,0.45,ID,1722617813
341,tandil,-37.3217,-59.1332,25.939999999999998,47,99,8.75,AR,1722617814
342,saint-joseph,-21.3667,55.6167,20.210000000000036,66,7,0.38,RE,1722617815
343,tralee,52.2704,-9.7026,16.140000000000043,67,75,4.12,IE,1722617816
344,jackson,42.4165,-122.8345,28.0,49,1,0.45,US,1722617817
345,al kharj,24.155,47.3346,41.32000000000005,8,76,4.62,SA,1722617819
346,stornoway,58.2093,-6.3865,14.460000000000036,90,75,5.66,GB,1722617820
347,gwadar,25.1216,62.3254,28.439999999999998,81,100,5.24,PK,1722617821
348,masterton,-40.9597,175.6575,2.2800000000000296,93,53,1.11,NZ,1722617822
349,sheridan,44.8333,-106.9173,34.14000000000004,27,0,0.45,US,1722617823
350,sao jose da coroa grande,-8.8978,-35.1478,25.950000000000045,71,1,5.14,BR,1722617824
351,nuku'alofa,-21.1333,-175.2,21.189999999999998,88,20,3.6,TO,1722617826
352,aksu,41.1231,80.2644,27.360000000000014,40,79,3.11,CN,1722617828
353,ketchikan,55.3422,-131.6461,16.30000000000001,63,0,4.63,US,1722617829
354,carutapera,-1.195,-46.02,28.33000000000004,63,40,4.71,BR,1722617830
355,korla,41.7597,86.1469,32.35000000000002,24,23,2.52,CN,1722617832
356,bria,6.5423,21.9863,23.340000000000032,90,36,2.03,CF,1722617833
357,bay roberts,47.5999,-53.2648,25.860000000000014,94,100,6.53,CA,1722617834
358,arraial do cabo,-22.9661,-42.0278,24.980000000000018,47,40,7.2,BR,1722617835
359,punta gorda,26.9298,-82.0454,34.47000000000003,74,40,3.09,US,1722617836
360,belmonte,-15.8631,-38.8828,26.260000000000048,62,3,3.58,BR,1722617837
361,rabaul,-4.1967,152.1721,26.010000000000048,85,47,6.16,PG,1722617839
362,darwin,-12.4611,130.8418,21.99000000000001,83,24,0.51,AU,1722617840
363,sanctuary point,-35.1114,150.629,7.890000000000043,89,8,2.56,AU,1722617841
364,geraldton,-28.7667,114.6,8.230000000000018,87,100,3.6,AU,1722617842
365,acapulco de juarez,16.8634,-99.8901,27.340000000000032,65,100,1.78,MX,1722617843
366,hasparren,43.3838,-1.305,23.99000000000001,68,40,5.14,FR,1722617844
367,aldinga beach,-35.2793,138.4604,9.810000000000002,88,40,2.21,AU,1722617846
368,alice springs,-23.7,133.8833,6.75,53,71,0.0,AU,1722617847
369,les cayes,18.2,-73.75,28.210000000000036,80,91,5.66,HT,1722617848
370,weno,7.4515,151.8468,25.970000000000027,89,100,0.0,FM,1722617849
371,ad dabbah,18.05,30.95,35.34000000000003,36,99,4.27,SD,1722617850
372,choyr,46.3611,108.3611,15.79000000000002,90,0,5.44,MN,1722617851
373,panguipulli,-39.6333,-72.3333,9.0,96,100,2.63,CL,1722617853
374,howrah,22.5892,88.3103,27.0,94,100,3.09,IN,1722617854
375,hecun,36.5333,114.1111,27.060000000000002,87,78,1.45,CN,1722617856
376,colotlan,22.1,-103.2667,24.74000000000001,41,84,2.62,MX,1722617857
377,tufanbeyli,38.2633,36.2206,21.30000000000001,21,0,3.24,TR,1722617859
378,taulaga,-11.0553,-171.0883,27.620000000000005,71,68,7.99,AS,1722617860
379,nemuro,43.3236,145.575,16.140000000000043,88,70,3.61,JP,1722617861
380,vadso,70.0744,29.7487,15.090000000000032,82,0,6.69,NO,1722617862
381,la'ie,21.6477,-157.9253,24.689999999999998,78,85,1.79,US,1722617863
382,novo cruzeiro,-17.4681,-41.8753,18.689999999999998,72,98,3.22,BR,1722617864
383,holualoa,19.6228,-155.9522,21.910000000000025,88,0,0.0,US,1722617865
384,laguna,38.421,-121.4238,29.189999999999998,50,0,0.0,US,1722617867
385,alofi,-19.0595,-169.9187,19.939999999999998,94,96,1.03,NU,1722617868
386,ghadamis,30.1337,9.5007,39.650000000000034,12,0,5.2,LY,1722617869
387,aykhal,66.0,111.5,10.920000000000016,76,44,4.54,RU,1722617870
388,nichinan,31.6,131.3667,27.82000000000005,89,3,1.12,JP,1722617871
389,diplo,24.4667,69.584,28.870000000000005,84,100,8.44,PK,1722617872
390,zheshart,62.0731,49.5733,16.930000000000007,85,96,2.33,RU,1722617874
391,miquelon,47.0975,-56.3814,19.0,99,100,6.88,PM,1722617875
392,camlachie,43.036,-82.1616,25.980000000000018,86,100,2.57,CA,1722617876
393,mandali,33.7499,45.5541,37.30000000000001,12,0,6.48,IQ,1722617877
394,sao joao da barra,-21.6403,-41.0511,25.05000000000001,66,8,4.77,BR,1722617878
395,castelli,-25.9468,-60.6195,36.74000000000001,21,0,9.13,AR,1722617879
396,fort bragg,35.139,-79.006,34.69,66,0,3.6,US,1722617881
397,patterson,37.4716,-121.1297,28.75,21,55,2.69,US,1722617882
398,bodo,67.28,14.405,18.02000000000004,72,20,4.63,NO,1722617883
399,carnarvon,-24.8667,113.6333,17.900000000000034,65,0,9.37,AU,1722617884
400,salinopolis,-0.6136,-47.3561,28.129999999999995,73,58,6.52,BR,1722617885
401,nuuk,64.1835,-51.7216,4.930000000000007,93,15,3.58,GL,1722617886
402,bocanda,7.0626,-4.4995,27.689999999999998,72,97,2.48,CI,1722617888
403,hami,42.8,93.45,28.80000000000001,23,1,4.15,CN,1722617889
404,westport,41.1415,-73.3579,33.370000000000005,64,0,2.06,US,1722617890
405,larkird,35.4894,66.6641,18.57000000000005,28,0,1.62,AF,1722617891
406,liuboml,51.226,24.0373,23.49000000000001,35,100,2.41,UA,1722617892
407,hatillo,18.4863,-66.8254,32.89000000000004,79,78,5.81,PR,1722617893
408,tvoroyri,61.5556,-6.8111,11.960000000000036,97,100,10.26,FO,1722617894
409,singaraja,-8.112,115.0882,25.260000000000048,88,98,0.95,ID,1722617897
410,queenstown,-31.8976,26.8753,12.25,50,17,1.11,ZA,1722617898
411,maragogi,-9.0122,-35.2225,25.77000000000004,72,2,5.04,BR,1722617899
412,nenjiang,49.1833,125.2167,14.400000000000034,61,16,1.71,CN,1722617900
413,lobito,-12.3481,13.5456,20.260000000000048,88,35,3.02,AO,1722617889
414,iwanai,42.9744,140.5089,22.08000000000004,96,50,2.57,JP,1722617903
415,luderitz,-26.6481,15.1594,15.890000000000043,61,0,5.89,,1722617904
416,tsiombe,-25.3,45.4833,17.890000000000043,77,0,2.75,MG,1722617905
417,rotenburg,53.1167,9.4,22.879999999999995,63,40,2.87,DE,1722617906
418,santa cruz,-17.8,-63.1667,32.700000000000045,54,20,14.4,BO,1722617854
419,katsuren-haebaru,26.3369,127.8719,29.010000000000048,85,0,0.0,JP,1722617909
420,ostersund,63.1792,14.6357,16.450000000000045,82,100,2.06,SE,1722617910
421,peace river,56.2501,-117.286,18.170000000000016,55,0,1.54,CA,1722617911
422,narrabri,-30.3167,149.7833,6.400000000000034,89,2,0.89,AU,1722617912
423,rio grande,-32.035,-52.0986,27.060000000000002,78,5,6.76,BR,1722617913
424,deqen,29.9618,90.7188,9.950000000000045,84,100,1.52,CN,1722617914
425,sandnessjoen,66.0217,12.6316,21.29000000000002,94,79,6.93,NO,1722617915
426,mohr,54.3528,9.7167,19.970000000000027,78,90,3.6,DE,1722617917
427,mostar,43.3433,17.8081,34.900000000000034,23,0,3.6,BA,1722617642
428,hailar,49.2,119.7,18.170000000000016,55,98,3.67,CN,1722617919
429,yanjiang,30.1211,104.6481,26.720000000000027,85,90,1.21,CN,1722617921
430,mazatlan,23.2167,-106.4167,33.28000000000003,63,2,1.79,MX,1722617923
431,rewari,28.1833,76.6167,28.80000000000001,79,97,3.01,IN,1722617924
432,hammerfest,70.6634,23.6821,17.25,77,0,4.63,NO,1722617925
433,palmer,42.1584,-72.3287,33.51000000000005,52,75,0.0,US,1722617926
434,magistral'nyy,56.1725,107.4458,12.490000000000009,95,99,1.45,RU,1722617928
435,scarborough,54.2797,-0.4044,25.760000000000048,58,100,2.64,GB,1722617888
436,tataouine,32.9297,10.4518,40.84000000000003,10,0,3.29,TN,1722617931
437,muroto-misakicho,33.2833,134.15,28.010000000000048,82,82,3.24,JP,1722617932
438,al khankah,30.2104,31.3681,34.450000000000045,38,0,4.12,EG,1722617933
439,konarka,19.9,86.1167,29.220000000000027,80,100,6.89,IN,1722617934
440,forster,-32.1667,152.5167,9.430000000000007,83,6,3.62,AU,1722617935
441,caxito,-8.5785,13.6643,22.210000000000036,74,80,4.52,AO,1722617937
442,luganville,-15.5333,167.1667,24.08000000000004,90,50,3.26,VU,1722617938
443,ridder,50.355,83.5133,19.74000000000001,69,100,2.39,KZ,1722617939
444,kokoda,-8.8785,147.7407,23.54000000000002,99,100,0.91,PG,1722617940
445,erenhot,43.6475,111.9767,23.29000000000002,61,76,4.58,CN,1722617941
446,obigarm,38.7173,69.7088,21.670000000000016,37,65,1.63,TJ,1722617942
447,bayanhongor,46.7167,100.1167,8.160000000000025,79,60,2.47,MN,1722617944
448,gaigeturi,33.4644,126.3183,29.03000000000003,84,0,1.03,KR,1722617945
449,kununurra,-15.7667,128.7333,15.990000000000009,77,5,1.54,AU,1722617946
450,mufulira,-12.5498,28.2407,19.55000000000001,30,0,0.97,ZM,1722617947
451,hirara,24.8,125.2833,27.920000000000016,100,22,1.54,JP,1722617948
452,barra de santo antonio,-9.4047,-35.5072,27.600000000000023,75,45,4.91,BR,1722617949
453,lengshuitan,26.4111,111.5956,25.600000000000023,86,6,2.26,CN,1722617951
454,namibe,-15.1961,12.1522,17.700000000000045,88,29,4.5,AO,1722617952
455,ceeldheer,3.8488,47.1806,25.120000000000005,76,100,9.22,SO,1722617953
456,mafinga,-7.25,35.0667,22.810000000000002,30,66,2.2,TZ,1722617954
457,yabelo,4.8833,38.0833,19.470000000000027,54,100,3.86,ET,1722617955
458,al burayqah,30.4062,19.5739,27.670000000000016,65,0,5.93,LY,1722617957
459,neftegorsk,52.802,51.166,18.010000000000048,72,80,2.35,RU,1722617958
460,ljungby,56.8332,13.9408,24.230000000000018,53,32,4.35,SE,1722617959
461,salekhard,66.53,66.6019,17.07000000000005,89,98,4.29,RU,1722617960
462,gonabad,34.3529,58.6837,29.970000000000027,25,1,8.19,IR,1722617961
463,at taj,24.2049,23.2857,35.98000000000002,14,0,3.94,LY,1722617962
464,cinarli,41.4723,46.9156,21.090000000000032,79,22,2.11,AZ,1722617964
465,kuruman,-27.4524,23.4325,11.110000000000014,14,0,2.98,ZA,1722617965
466,aleg,17.0481,-13.9209,36.960000000000036,29,15,5.59,MR,1722617966
467,coron,11.9986,120.2043,25.54000000000002,90,23,2.28,PH,1722617967
468,miarinarivo,-18.956,46.9067,14.0,78,0,4.39,MG,1722617968
469,odienne,9.51,-7.5692,26.0,89,99,2.36,CI,1722617969
470,calvinia,-31.4707,19.776,11.28000000000003,24,1,1.18,ZA,1722617971
471,ormara,25.2088,64.6357,28.30000000000001,91,100,6.07,PK,1722617972
472,bakchar,57.0186,82.0711,15.080000000000041,97,47,2.16,RU,1722617973
473,corral de almaguer,39.7545,-3.1865,33.98000000000002,16,0,5.55,ES,1722617974
474,atbasar,51.8,68.3333,19.960000000000036,61,14,2.74,KZ,1722617975
475,kampong speu,11.5,104.3333,25.360000000000014,90,100,1.77,KH,1722617976
476,daru,-9.0763,143.2092,24.02000000000004,90,100,7.97,PG,1722617978
477,tazacorte,28.629,-17.9293,24.54000000000002,69,20,6.69,ES,1722617979
478,isangel,-19.55,169.2667,19.629999999999995,86,100,7.84,VU,1722617980
479,kone,-21.0595,164.8658,15.340000000000032,86,47,0.38,NC,1722617982
480,kolondieba,11.0882,-6.8926,27.010000000000048,79,97,2.0,ML,1722617983
481,kili,5.6439,169.1211,28.360000000000014,73,6,3.81,MH,1722617984
482,el jadid,33.2549,-8.506,23.610000000000014,76,0,8.38,MA,1722617986
483,beyneu,45.3167,55.2,30.420000000000016,25,26,4.67,KZ,1722617987
484,petauke,-14.2426,31.3253,20.470000000000027,33,0,3.34,ZM,1722617988
485,kill devil hills,36.0307,-75.676,33.01000000000005,68,0,5.66,US,1722617989
486,ulladulla,-35.35,150.4667,8.110000000000014,84,1,2.23,AU,1722617990
487,sao joaquim,-28.2939,-49.9317,17.58000000000004,57,0,3.87,BR,1722617991
488,viqueque,-8.8673,126.3658,22.650000000000034,83,48,1.04,TL,1722617992
489,moshi,-3.35,37.3333,24.210000000000036,49,35,0.84,TZ,1722617994
490,evinayong,1.4368,10.5512,23.920000000000016,72,89,1.04,GQ,1722617995
491,mayo-belwa,9.05,12.05,28.120000000000005,70,89,2.63,NG,1722617996
492,buala,-8.145,159.5921,26.150000000000034,86,82,2.41,SB,1722617997
493,yampil',51.95,33.7833,18.840000000000032,61,81,2.52,UA,1722617998
494,bonadelle ranchos-madera ranchos,36.9847,-119.8746,34.76000000000005,45,79,1.66,US,1722617999
495,mabaruma,8.2,-59.7833,27.930000000000007,83,100,1.31,GY,1722618001
496,zyryanskoye,56.8306,86.6258,19.03000000000003,81,97,1.33,RU,1722618002
497,fuengirola,36.54,-4.6247,40.0,11,0,6.69,ES,1722618005
498,cartagena,10.3997,-75.5144,29.79000000000002,70,20,2.06,CO,1722617829
499,coquimbo,-29.9533,-71.3436,12.850000000000023,100,100,2.06,CL,1722617817
500,fereydun kenar,36.6864,52.5225,26.629999999999995,61,65,0.73,IR,1722618008
501,khandyga,62.6667,135.6,4.990000000000009,83,6,0.58,RU,1722618009
502,myitkyina,25.3833,97.4,23.32000000000005,99,100,0.31,MM,1722618014
503,port-gentil,-0.7193,8.7815,24.150000000000034,76,62,6.69,GA,1722618015
504,aleksandrovskoye,44.7142,43.0008,27.260000000000048,30,83,2.93,RU,1722618017
505,labytnangi,66.6572,66.4183,17.170000000000016,89,95,4.63,RU,1722618018
506,bako,5.7833,36.5667,18.340000000000032,81,53,1.76,ET,1722618019
507,labasa,-16.4167,179.3833,21.910000000000025,92,33,2.05,FJ,1722618021
508,krumovgrad,41.4667,25.65,28.350000000000023,23,0,2.53,BG,1722618022
509,sorong,-0.8833,131.25,25.470000000000027,88,34,2.82,ID,1722618024
510,kiunga,-6.1219,141.2906,22.689999999999998,98,81,1.56,PG,1722618025
511,tchibanga,-2.85,11.0333,26.58000000000004,54,49,3.52,GA,1722618026
512,severo-yeniseyskiy,60.3725,93.0408,11.170000000000016,97,52,1.33,RU,1722618027
513,ankazobe,-18.3167,47.1167,14.189999999999998,74,0,2.65,MG,1722618028
514,umba,66.6871,34.3429,17.629999999999995,71,59,6.0,RU,1722618029
515,kaspiyskiy,45.3929,47.3707,27.410000000000025,54,61,7.63,RU,1722618030
516,jimma,7.6667,36.8333,15.620000000000005,96,76,0.94,ET,1722618033
517,yelizovo,53.1873,158.3805,17.08000000000004,72,75,2.0,RU,1722618034
518,calabar,4.9517,8.322,25.590000000000032,79,82,3.23,NG,1722618036
519,nogliki,51.8333,143.1667,8.860000000000014,97,7,1.91,RU,1722618037
520,road town,18.4167,-64.6167,31.02000000000004,70,75,5.66,VG,1722618038
521,petrovsk-zabaykal'skiy,51.273,108.843,15.140000000000043,99,100,2.72,RU,1722618039
522,ornskoldsvik,63.2909,18.7153,17.53000000000003,88,75,2.57,SE,1722618037
523,inga,-7.2808,-35.6044,28.25,52,63,7.36,BR,1722618043
524,wanxian,30.8039,108.3897,28.30000000000001,78,3,1.42,CN,1722618044
525,kushiro,42.975,144.3747,19.53000000000003,100,100,1.03,JP,1722618045
526,vorgashor,67.5833,63.95,18.0,71,87,5.21,RU,1722618046
527,maintirano,-18.0667,44.0167,22.950000000000045,68,0,3.32,MG,1722618047
528,kirishi,59.4471,32.0205,17.840000000000032,87,81,0.79,RU,1722618048
529,tadmur,34.5608,38.2805,31.49000000000001,27,0,8.46,SY,1722618050
530,namsos,64.4662,11.4957,18.03000000000003,68,40,1.54,NO,1722618051
531,dedovichi,57.5517,29.9502,16.82000000000005,92,96,3.12,RU,1722618052
532,wynyard,-41.0,145.7167,10.350000000000023,88,100,5.15,AU,1722618053
533,lazaro cardenas,17.9583,-102.2,28.170000000000016,73,100,2.09,MX,1722618055
534,serenje,-13.2325,30.2352,15.510000000000048,37,0,2.4,ZM,1722618057
535,hailey,43.5196,-114.3153,31.07000000000005,31,0,0.89,US,1722618058
536,nioki,-2.7167,17.6833,31.83000000000004,29,47,0.99,CD,1722618059
537,pangody,65.85,74.4859,19.700000000000045,70,70,3.95,RU,1722618060
538,tarinkot,32.6268,65.8733,32.900000000000034,17,3,3.89,AF,1722618061
539,tabou,4.423,-7.3528,25.27000000000004,78,91,4.82,CI,1722618062
540,crane,31.3974,-102.3501,32.28000000000003,38,0,6.84,US,1722618064
541,gamay,12.3854,125.2979,24.189999999999998,95,80,1.25,PH,1722618066
542,berezovyy,51.6667,135.7,12.25,82,0,1.5,RU,1722618067
543,fortaleza,-3.7227,-38.5247,31.160000000000025,45,20,8.75,BR,1722617806
544,diego martin,10.7005,-61.5342,30.879999999999995,72,87,1.78,TT,1722618070
545,jumla,29.2747,82.1838,15.060000000000002,98,100,0.54,NP,1722618071
546,whangarei,-35.7317,174.3239,11.32000000000005,95,100,5.39,NZ,1722618072
547,campo grande,-20.4428,-54.6464,32.75,19,0,9.26,BR,1722617980
548,san pedro pochutla,15.7333,-96.4667,29.28000000000003,59,100,2.18,MX,1722618076
549,pokhara,28.2333,83.9833,21.480000000000018,98,100,0.37,NP,1722618077
550,las khorey,11.1595,48.1967,31.99000000000001,59,82,8.1,SO,1722618078
551,darnah,32.767,22.6367,27.27000000000004,73,0,8.56,LY,1722618079
552,basoda,23.85,77.9333,24.05000000000001,94,100,4.34,IN,1722618080
553,belyy yar,53.6039,91.3903,19.939999999999998,68,0,0.0,RU,1722618082
554,sarankhola,22.3082,89.7897,27.02000000000004,91,100,3.92,BD,1722618083
555,okhotsk,59.3833,143.3,10.900000000000034,92,34,2.83,RU,1722618084
556,mumford,5.2618,-0.759,24.400000000000034,86,90,5.12,GH,1722618086
557,salima,-13.7804,34.4587,22.100000000000023,30,0,2.41,MW,1722618087
558,harper,4.375,-7.7169,25.430000000000007,77,89,5.28,LR,1722618088
559,lorengau,-2.0226,147.2712,27.25,82,86,3.53,PG,1722618075
560,greymouth,-42.4667,171.2,-0.339999999999975,91,27,3.24,NZ,1722618090
561,lerwick,60.1545,-1.1494,16.0,91,100,7.64,GB,1722618091
562,murzuq,25.9155,13.9184,36.68000000000001,12,0,2.41,LY,1722618093
563,remire-montjoly,4.9167,-52.2667,28.02000000000004,74,75,3.6,GF,1722618095
564,sosenskiy,54.059,35.9623,15.150000000000034,88,13,2.48,RU,1722618096
565,cambria,35.5641,-121.0808,28.57000000000005,66,15,1.96,US,1722618097
566,yukhnov,54.7444,35.2297,15.390000000000043,94,42,2.33,RU,1722618098
567,arlington,32.7357,-97.1081,36.06,54,26,1.34,US,1722618000
568,coahuayana de hidalgo,18.7,-103.6583,33.370000000000005,50,100,1.1,MX,1722618101
569,ustyuzhna,58.8394,36.4321,17.510000000000048,85,100,1.94,RU,1722618102
570,happy valley-goose bay,53.3168,-60.3315,12.170000000000016,82,100,1.03,CA,1722618103
571,kuanda,56.3161,116.0806,14.520000000000039,95,97,1.0,RU,1722618104
572,surazh,53.0175,32.3918,18.49000000000001,72,99,2.57,RU,1722618105
573,bom jesus do itabapoana,-21.1339,-41.6797,27.83000000000004,33,0,3.63,BR,1722618107
574,pisco,-13.7,-76.2167,18.900000000000034,72,100,2.06,PE,1722618108
575,bubaque,11.2833,-15.8333,26.80000000000001,80,79,6.69,GW,1722618109
576,broome,42.2506,-75.833,29.120000000000005,68,100,1.34,US,1722618110
577,pariaman,-0.619,100.12,26.03000000000003,87,99,3.72,ID,1722617904
578,kwang binh,17.4833,106.6,26.860000000000014,79,100,2.26,VN,1722618113
579,villamontes,-21.25,-63.5,34.69,36,0,2.06,BO,1722618114
580,kavieng,-2.5744,150.7967,27.460000000000036,80,65,4.17,PG,1722618115
581,vangviang,18.9333,102.45,20.640000000000043,100,100,0.35,LA,1722618032
582,bena,11.2844,5.9347,25.370000000000005,83,98,1.72,NG,1722618117
583,parthenay,46.6667,-0.4167,27.75,40,5,4.64,FR,1722618119
584,sitka,57.0531,-135.33,15.020000000000039,65,1,1.79,US,1722618120
